Workbook

Sheet Customer_Data
A1: Customer_ID | B1: Signup_Date | C1: Snapshot_Month | D1: Country | E1: Age | F1: Income_Band | G1: Occupation_Type | H1: Plan_Type | I1: KYC_Status | J1: Tenure_Months | K1: Account_Balance | L1: Monthly_Deposits | M1: Monthly_Transactions | N1: Card_Txn_Count | O1: P2P_Transfers | P1: Bill_Payments | Q1: App_Sessions_30D | R1: Failed_Logins | S1: Support_Tickets | T1: Cashback_Used | U1: Savings_Pots_Used | V1: Virtual_Card_Used | W1: Credit_Score_Band | X1: NPS | Y1: Churned_90D | Z1: Core_Feature_Score | AA1: Engagement_Rate | AB1: AI_Churn_Risk_Score | AC1: AI_Risk_Band | AD1: Predicted_Next_Best_Action | AE1: Core_Feature_Gap
A2: CUST-200000 | B2: 45880 | C2: 46143 | D2: Pakistan | E2: 70 | F2: Lower-Mid | G2: Retired | H2: Business | I2: Completed | J2: 8 | K2: 836.59 | L2: 121.65 | M2: 28 | N2: 12 | O2: 5 | P2: 5 | Q2: 32 | R2: 1 | S2: 0 | T2: 0 | U2: 1 | V2: 1 | W2: Good | X2: 59 | Y2: 0 | Z2: =MIN(100,ROUND((M2*1.1+N2*0.7+O2*1.2+P2*1.4+Q2*0.9+U2*8+V2*7),0)) -> 96 | AA2: =IFERROR((M2+Q2)/(30+J2),0) -> 1.5789474 | AB2: =ROUND(MIN(100,MAX(0,60-Z2*0.4-R2*1.5+S2*8-IF(L2>1500,10,0)-X2*0.5+IF(I2="Completed",-8,8)+IF(H2="Free",6,-4))),0) -> 0 | AC2: =IF(AB2>=70,"High",IF(AB2>=40,"Medium","Low")) -> Low | AD2: =IF(AC2="High",IF(Q2<5,"Re-engage with app usage offer",IF(K2<100,"Deposit incentive","Retention call")),IF(AC2="Medium","Nudge core feature adoption","Upsell premium bundle")) -> Upsell premium bundle | AE2: =100-Z2 -> 4
A3: CUST-200001 | B3: 44732 | C3: 46143 | D3: Canada | E3: 41 | F3: Lower-Mid | G3: Freelancer | H3: Free | I3: Completed | J3: 47 | K3: 447.93 | L3: 391.86 | M3: 14 | N3: 7 | O3: 3 | P3: 0 | Q3: 17 | R3: 3 | S3: 0 | T3: 1 | U3: 0 | V3: 0 | W3: Good | X3: 13 | Y3: 1 | Z3: =MIN(100,ROUND((M3*1.1+N3*0.7+O3*1.2+P3*1.4+Q3*0.9+U3*8+V3*7),0)) -> 39 | AA3: =IFERROR((M3+Q3)/(30+J3),0) -> 0.4025974 | AB3: =ROUND(MIN(100,MAX(0,60-Z3*0.4-R3*1.5+S3*8-IF(L3>1500,10,0)-X3*0.5+IF(I3="Completed",-8,8)+IF(H3="Free",6,-4))),0) -> 31 | AC3: =IF(AB3>=70,"High",IF(AB3>=40,"Medium","Low")) -> Low | AD3: =IF(AC3="High",IF(Q3<5,"Re-engage with app usage offer",IF(K3<100,"Deposit incentive","Retention call")),IF(AC3="Medium","Nudge core feature adoption","Upsell premium bundle")) -> Upsell premium bundle | AE3: =100-Z3 -> 61
A4: CUST-200002 | B4: 45259 | C4: 46143 | D4: Canada | E4: 51 | F4: Low | G4: Retired | H4: Premium | I4: Completed | J4: 29 | K4: 119.6 | L4: 20.8 | M4: 26 | N4: 17 | O4: 3 | P4: 3 | Q4: 30 | R4: 2 | S4: 0 | T4: 0 | U4: 1 | V4: 0 | W4: Thin File | X4: -9 | Y4: 0 | Z4: =MIN(100,ROUND((M4*1.1+N4*0.7+O4*1.2+P4*1.4+Q4*0.9+U4*8+V4*7),0)) -> 83 | AA4: =IFERROR((M4+Q4)/(30+J4),0) -> 0.94915254 | AB4: =ROUND(MIN(100,MAX(0,60-Z4*0.4-R4*1.5+S4*8-IF(L4>1500,10,0)-X4*0.5+IF(I4="Completed",-8,8)+IF(H4="Free",6,-4))),0) -> 16 | AC4: =IF(AB4>=70,"High",IF(AB4>=40,"Medium","Low")) -> Low | AD4: =IF(AC4="High",IF(Q4<5,"Re-engage with app usage offer",IF(K4<100,"Deposit incentive","Retention call")),IF(AC4="Medium","Nudge core feature adoption","Upsell premium bundle")) -> Upsell premium bundle | AE4: =100-Z4 -> 17
A5: CUST-200003 | B5: 44849 | C5: 46143 | D5: United Kingdom | E5: 45 | F5: Lower-Mid | G5: Salaried | H5: Free | I5: Pending | J5: 43 | K5: 159.27 | L5: 279.81 | M5: 16 | N5: 9 | O5: 4 | P5: 3 | Q5: 13 | R5: 0 | S5: 0 | T5: 0 | U5: 0 | V5: 0 | W5: Fair | X5: 59 | Y5: 0 | Z5: =MIN(100,ROUND((M5*1.1+N5*0.7+O5*1.2+P5*1.4+Q5*0.9+U5*8+V5*7),0)) -> 45 | AA5: =IFERROR((M5+Q5)/(30+J5),0) -> 0.39726027 | AB5: =ROUND(MIN(100,MAX(0,60-Z5*0.4-R5*1.5+S5*8-IF(L5>1500,10,0)-X5*0.5+IF(I5="Completed",-8,8)+IF(H5="Free",6,-4))),0) -> 27 | AC5: =IF(AB5>=70,"High",IF(AB5>=40,"Medium","Low")) -> Low | AD5: =IF(AC5="High",IF(Q5<5,"Re-engage with app usage offer",IF(K5<100,"Deposit incentive","Retention call")),IF(AC5="Medium","Nudge core feature adoption","Upsell premium bundle")) -> Upsell premium bundle | AE5: =100-Z5 -> 55
A6: CUST-200004 | B6: 45573 | C6: 46143 | D6: United Kingdom | E6: 62 | F6: Low | G6: Retired | H6: Free | I6: Pending | J6: 19 | K6: 177.96 | L6: 34.35 | M6: 25 | N6: 8 | O6: 5 | P6: 2 | Q6: 23 | R6: 1 | S6: 0 | T6: 1 | U6: 0 | V6: 1 | W6: Excellent | X6: 25 | Y6: 0 | Z6: =MIN(100,ROUND((M6*1.1+N6*0.7+O6*1.2+P6*1.4+Q6*0.9+U6*8+V6*7),0)) -> 70 | AA6: =IFERROR((M6+Q6)/(30+J6),0) -> 0.97959184 | AB6: =ROUND(MIN(100,MAX(0,60-Z6*0.4-R6*1.5+S6*8-IF(L6>1500,10,0)-X6*0.5+IF(I6="Completed",-8,8)+IF(H6="Free",6,-4))),0) -> 32 | AC6: =IF(AB6>=70,"High",IF(AB6>=40,"Medium","Low")) -> Low | AD6: =IF(AC6="High",IF(Q6<5,"Re-engage with app usage offer",IF(K6<100,"Deposit incentive","Retention call")),IF(AC6="Medium","Nudge core feature adoption","Upsell premium bundle")) -> Upsell premium bundle | AE6: =100-Z6 -> 30
A7: CUST-200005 | B7: 45593 | C7: 46143 | D7: Pakistan | E7: 57 | F7: Lower-Mid | G7: Salaried | H7: Business | I7: Rejected | J7: 18 | K7: 612.48 | L7: 337.18 | M7: 26 | N7: 12 | O7: 1 | P7: 4 | Q7: 14 | R7: 1 | S7: 0 | T7: 1 | U7: 1 | V7: 0 | W7: Poor | X7: 42 | Y7: 0 | Z7: =MIN(100,ROUND((M7*1.1+N7*0.7+O7*1.2+P7*1.4+Q7*0.9+U7*8+V7*7),0)) -> 64 | AA7: =IFERROR((M7+Q7)/(30+J7),0) -> 0.83333333 | AB7: =ROUND(MIN(100,MAX(0,60-Z7*0.4-R7*1.5+S7*8-IF(L7>1500,10,0)-X7*0.5+IF(I7="Completed",-8,8)+IF(H7="Free",6,-4))),0) -> 16 | AC7: =IF(AB7>=70,"High",IF(AB7>=40,"Medium","Low")) -> Low | AD7: =IF(AC7="High",IF(Q7<5,"Re-engage with app usage offer",IF(K7<100,"Deposit incentive","Retention call")),IF(AC7="Medium","Nudge core feature adoption","Upsell premium bundle")) -> Upsell premium bundle | AE7: =100-Z7 -> 36
A8: CUST-200006 | B8: 45876 | C8: 46143 | D8: Pakistan | E8: 44 | F8: Middle | G8: Retired | H8: Plus | I8: Pending | J8: 8 | K8: 563.9 | L8: 33.97 | M8: 37 | N8: 20 | O8: 8 | P8: 7 | Q8: 27 | R8: 0 | S8: 0 | T8: 1 | U8: 1 | V8: 0 | W8: Poor | X8: 96 | Y8: 0 | Z8: =MIN(100,ROUND((M8*1.1+N8*0.7+O8*1.2+P8*1.4+Q8*0.9+U8*8+V8*7),0)) -> 100 | AA8: =IFERROR((M8+Q8)/(30+J8),0) -> 1.6842105 | AB8: =ROUND(MIN(100,MAX(0,60-Z8*0.4-R8*1.5+S8*8-IF(L8>1500,10,0)-X8*0.5+IF(I8="Completed",-8,8)+IF(H8="Free",6,-4))),0) -> 0 | AC8: =IF(AB8>=70,"High",IF(AB8>=40,"Medium","Low")) -> Low | AD8: =IF(AC8="High",IF(Q8<5,"Re-engage with app usage offer",IF(K8<100,"Deposit incentive","Retention call")),IF(AC8="Medium","Nudge core feature adoption","Upsell premium bundle")) -> Upsell premium bundle | AE8: =100-Z8 -> 0
A9: CUST-200007 | B9: 45846 | C9: 46143 | D9: Saudi Arabia | E9: 61 | F9: Upper-Mid | G9: Freelancer | H9: Premium | I9: Completed | J9: 9 | K9: 2076.8 | L9: 0 | M9: 37 | N9: 9 | O9: 2 | P9: 7 | Q9: 31 | R9: 1 | S9: 1 | T9: 1 | U9: 0 | V9: 1 | W9: Good | X9: 38 | Y9: 0 | Z9: =MIN(100,ROUND((M9*1.1+N9*0.7+O9*1.2+P9*1.4+Q9*0.9+U9*8+V9*7),0)) -> 94 | AA9: =IFERROR((M9+Q9)/(30+J9),0) -> 1.7435897 | AB9: =ROUND(MIN(100,MAX(0,60-Z9*0.4-R9*1.5+S9*8-IF(L9>1500,10,0)-X9*0.5+IF(I9="Completed",-8,8)+IF(H9="Free",6,-4))),0) -> 0 | AC9: =IF(AB9>=70,"High",IF(AB9>=40,"Medium","Low")) -> Low | AD9: =IF(AC9="High",IF(Q9<5,"Re-engage with app usage offer",IF(K9<100,"Deposit incentive","Retention call")),IF(AC9="Medium","Nudge core feature adoption","Upsell premium bundle")) -> Upsell premium bundle | AE9: =100-Z9 -> 6
A10: CUST-200008 | B10: 45456 | C10: 46143 | D10: Canada | E10: 30 | F10: Upper-Mid | G10: SMB Owner | H10: Free | I10: Completed | J10: 22 | K10: 2261.17 | L10: 1460.32 | M10: 15 | N10: 8 | O10: 2 | P10: 0 | Q10: 10 | R10: 0 | S10: 0 | T10: 1 | U10: 0 | V10: 1 | W10: Thin File | X10: -9 | Y10: 1 | Z10: =MIN(100,ROUND((M10*1.1+N10*0.7+O10*1.2+P10*1.4+Q10*0.9+U10*8+V10*7),0)) -> 41 | AA10: =IFERROR((M10+Q10)/(30+J10),0) -> 0.48076923 | AB10: =ROUND(MIN(100,MAX(0,60-Z10*0.4-R10*1.5+S10*8-IF(L10>1500,10,0)-X10*0.5+IF(I10="Completed",-8,8)+IF(H10="Free",6,-4))),0) -> 46 | AC10: =IF(AB10>=70,"High",IF(AB10>=40,"Medium","Low")) -> Medium | AD10: =IF(AC10="High",IF(Q10<5,"Re-engage with app usage offer",IF(K10<100,"Deposit incentive","Retention call")),IF(AC10="Medium","Nudge core feature adoption","Upsell premium bundle")) -> Nudge core feature adoption | AE10: =100-Z10 -> 59
A11: CUST-200009 | B11: 45859 | C11: 46143 | D11: Saudi Arabia | E11: 47 | F11: Middle | G11: Salaried | H11: Free | I11: Pending | J11: 9 | K11: 0 | L11: 951.14 | M11: 16 | N11: 6 | O11: 2 | P11: 3 | Q11: 11 | R11: 0 | S11: 0 | T11: 1 | U11: 0 | V11: 0 | W11: Fair | X11: 41 | Y11: 0 | Z11: =MIN(100,ROUND((M11*1.1+N11*0.7+O11*1.2+P11*1.4+Q11*0.9+U11*8+V11*7),0)) -> 38 | AA11: =IFERROR((M11+Q11)/(30+J11),0) -> 0.69230769 | AB11: =ROUND(MIN(100,MAX(0,60-Z11*0.4-R11*1.5+S11*8-IF(L11>1500,10,0)-X11*0.5+IF(I11="Completed",-8,8)+IF(H11="Free",6,-4))),0) -> 38 | AC11: =IF(AB11>=70,"High",IF(AB11>=40,"Medium","Low")) -> Low | AD11: =IF(AC11="High",IF(Q11<5,"Re-engage with app usage offer",IF(K11<100,"Deposit incentive","Retention call")),IF(AC11="Medium","Nudge core feature adoption","Upsell premium bundle")) -> Upsell premium bundle | AE11: =100-Z11 -> 62
A12: CUST-200010 | B12: 45060 | C12: 46143 | D12: Germany | E12: 68 | F12: Lower-Mid | G12: Unemployed | H12: Free | I12: Completed | J12: 36 | K12: 480.45 | L12: 0 | M12: 21 | N12: 15 | O12: 5 | P12: 2 | Q12: 20 | R12: 0 | S12: 1 | T12: 0 | U12: 0 | V12: 0 | W12: Poor | X12: 18 | Y12: 0 | Z12: =MIN(100,ROUND((M12*1.1+N12*0.7+O12*1.2+P12*1.4+Q12*0.9+U12*8+V12*7),0)) -> 60 | AA12: =IFERROR((M12+Q12)/(30+J12),0) -> 0.62121212 | AB12: =ROUND(MIN(100,MAX(0,60-Z12*0.4-R12*1.5+S12*8-IF(L12>1500,10,0)-X12*0.5+IF(I12="Completed",-8,8)+IF(H12="Free",6,-4))),0) -> 33 | AC12: =IF(AB12>=70,"High",IF(AB12>=40,"Medium","Low")) -> Low | AD12: =IF(AC12="High",IF(Q12<5,"Re-engage with app usage offer",IF(K12<100,"Deposit incentive","Retention call")),IF(AC12="Medium","Nudge core feature adoption","Upsell premium bundle")) -> Upsell premium bundle | AE12: =100-Z12 -> 40
A13: CUST-200011 | B13: 45899 | C13: 46143 | D13: Pakistan | E13: 50 | F13: Middle | G13: Freelancer | H13: Free | I13: Completed | J13: 8 | K13: 1460.51 | L13: 629.79 | M13: 1 | N13: 0 | O13: 0 | P13: 0 | Q13: 3 | R13: 0 | S13: 0 | T13: 1 | U13: 0 | V13: 0 | W13: Fair | X13: 29 | Y13: 1 | Z13: =MIN(100,ROUND((M13*1.1+N13*0.7+O13*1.2+P13*1.4+Q13*0.9+U13*8+V13*7),0)) -> 4 | AA13: =IFERROR((M13+Q13)/(30+J13),0) -> 0.10526316 | AB13: =ROUND(MIN(100,MAX(0,60-Z13*0.4-R13*1.5+S13*8-IF(L13>1500,10,0)-X13*0.5+IF(I13="Completed",-8,8)+IF(H13="Free",6,-4))),0) -> 42 | AC13: =IF(AB13>=70,"High",IF(AB13>=40,"Medium","Low")) -> Medium | AD13: =IF(AC13="High",IF(Q13<5,"Re-engage with app usage offer",IF(K13<100,"Deposit incentive","Retention call")),IF(AC13="Medium","Nudge core feature adoption","Upsell premium bundle")) -> Nudge core feature adoption | AE13: =100-Z13 -> 96
... A2051: CUST-202049 | B2051: 45309 | C2051: 46143 | D2051: Canada | E2051: 60 | F2051: Lower-Mid | G2051: Freelancer | H2051: Free | I2051: Completed | J2051: 27 | K2051: 216.93 | L2051: 156.32 | M2051: 45 | N2051: 13 | O2051: 3 | P2051: 8 | Q2051: 34 | R2051: 2 | S2051: 0 | T2051: 1 | U2051: 0 | V2051: 0 | W2051: Excellent | X2051: 18 | Y2051: 0 | Z2051: =MIN(100,ROUND((M2051*1.1+N2051*0.7+O2051*1.2+P2051*1.4+Q2051*0.9+U2051*8+V2051*7),0)) -> 100 | AA2051: =IFERROR((M2051+Q2051)/(30+J2051),0) -> 1.3859649 | AB2051: =ROUND(MIN(100,MAX(0,60-Z2051*0.4-R2051*1.5+S2051*8-IF(L2051>1500,10,0)-X2051*0.5+IF(I2051="Completed",-8,8)+IF(H2051="Free",6,-4))),0) -> 6 | AC2051: =IF(AB2051>=70,"High",IF(AB2051>=40,"Medium","Low")) -> Low | AD2051: =IF(AC2051="High",IF(Q2051<5,"Re-engage with app usage offer",IF(K2051<100,"Deposit incentive","Retention call")),IF(AC2051="Medium","Nudge core feature adoption","Upsell premium bundle")) -> Upsell premium bundle | AE2051: =100-Z2051 -> 0

Sheet Dashboard
A1: Neobank Retention Dashboard - Churn & Feature Engagement
A3: Metric | B3: Value
A4: Customers | B4: =COUNTA(Customer_Data!A2:A2051) -> 2050
A5: Churned Customers | B5: =SUM(Customer_Data!Y2:Y2051) -> 668
A6: Churn Rate | B6: =AVERAGE(Customer_Data!Y2:Y2051) -> 0.32585366
A7: Average AI Risk Score | B7: =AVERAGE(Customer_Data!AB2:AB2051) -> 22.734146
A8: Average Core Feature Score | B8: =AVERAGE(Customer_Data!Z2:Z2051) -> 66.263902
A9: Average App Sessions | B9: =AVERAGE(Customer_Data!Q2:Q2051) -> 19.185854
A10: Average Monthly Deposits | B10: =AVERAGE(Customer_Data!L2:L2051) -> 1018.0645
A11: High Risk Customers | B11: =COUNTIF(Customer_Data!AC2:AC2051,"High") -> 43
A14: Risk Band | B14: Customers | C14: Churn Rate | D14: Avg Feature Score | E14: Avg Balance
A15: High | B15: =COUNTIF(Customer_Data!AC:AC,A15) -> 43 | C15: =IFERROR(AVERAGEIF(Customer_Data!AC:AC,A15,Customer_Data!Y:Y),0) -> 0.95348837 | D15: =IFERROR(AVERAGEIF(Customer_Data!AC:AC,A15,Customer_Data!Z:Z),0) -> 35.953488 | E15: =IFERROR(AVERAGEIF(Customer_Data!AC:AC,A15,Customer_Data!K:K),0) -> 1011.2119
A16: Medium | B16: =COUNTIF(Customer_Data!AC:AC,A16) -> 397 | C16: =IFERROR(AVERAGEIF(Customer_Data!AC:AC,A16,Customer_Data!Y:Y),0) -> 0.72040302 | D16: =IFERROR(AVERAGEIF(Customer_Data!AC:AC,A16,Customer_Data!Z:Z),0) -> 45.622166 | E16: =IFERROR(AVERAGEIF(Customer_Data!AC:AC,A16,Customer_Data!K:K),0) -> 1356.0573
A17: Low | B17: =COUNTIF(Customer_Data!AC:AC,A17) -> 1610 | C17: =IFERROR(AVERAGEIF(Customer_Data!AC:AC,A17,Customer_Data!Y:Y),0) -> 0.21180124 | D17: =IFERROR(AVERAGEIF(Customer_Data!AC:AC,A17,Customer_Data!Z:Z),0) -> 72.163354 | E17: =IFERROR(AVERAGEIF(Customer_Data!AC:AC,A17,Customer_Data!K:K),0) -> 1707.3165
A21: Plan | B21: Customers | C21: Churn Rate | D21: Avg Sessions | E21: Avg Risk | F21: Avg Deposits
A22: Free | B22: =COUNTIF(Customer_Data!H:H,A22) -> 1152 | C22: =IFERROR(AVERAGEIF(Customer_Data!H:H,A22,Customer_Data!Y:Y),0) -> 0.44878472 | D22: =IFERROR(AVERAGEIF(Customer_Data!H:H,A22,Customer_Data!Q:Q),0) -> 15.776042 | E22: =IFERROR(AVERAGEIF(Customer_Data!H:H,A22,Customer_Data!AB:AB),0) -> 29.832465 | F22: =IFERROR(AVERAGEIF(Customer_Data!H:H,A22,Customer_Data!L:L),0) -> 1026.5106
A23: Plus | B23: =COUNTIF(Customer_Data!H:H,A23) -> 501 | C23: =IFERROR(AVERAGEIF(Customer_Data!H:H,A23,Customer_Data!Y:Y),0) -> 0.18363273 | D23: =IFERROR(AVERAGEIF(Customer_Data!H:H,A23,Customer_Data!Q:Q),0) -> 23.660679 | E23: =IFERROR(AVERAGEIF(Customer_Data!H:H,A23,Customer_Data!AB:AB),0) -> 14.702595 | F23: =IFERROR(AVERAGEIF(Customer_Data!H:H,A23,Customer_Data!L:L),0) -> 980.54216
A24: Premium | B24: =COUNTIF(Customer_Data!H:H,A24) -> 283 | C24: =IFERROR(AVERAGEIF(Customer_Data!H:H,A24,Customer_Data!Y:Y),0) -> 0.12720848 | D24: =IFERROR(AVERAGEIF(Customer_Data!H:H,A24,Customer_Data!Q:Q),0) -> 24.070671 | E24: =IFERROR(AVERAGEIF(Customer_Data!H:H,A24,Customer_Data!AB:AB),0) -> 11.166078 | F24: =IFERROR(AVERAGEIF(Customer_Data!H:H,A24,Customer_Data!L:L),0) -> 1052.6856
A25: Business | B25: =COUNTIF(Customer_Data!H:H,A25) -> 114 | C25: =IFERROR(AVERAGEIF(Customer_Data!H:H,A25,Customer_Data!Y:Y),0) -> 0.20175439 | D25: =IFERROR(AVERAGEIF(Customer_Data!H:H,A25,Customer_Data!Q:Q),0) -> 21.850877 | E25: =IFERROR(AVERAGEIF(Customer_Data!H:H,A25,Customer_Data!AB:AB),0) -> 15.017544 | F25: =IFERROR(AVERAGEIF(Customer_Data!H:H,A25,Customer_Data!L:L),0) -> 1011.6691

Sheet Data_Dictionary
A1: Field | B1: Description | C1: Type | D1: Example/Notes
A2: Customer_ID | B2: Unique customer key | C2: Text | D2: CUST-200000
A3: Signup_Date | B3: Date customer joined | C3: Date | D3: Tenure input
A4: Monthly_Transactions | B4: All financial transactions | C4: Integer | D4: Core engagement input
A5: App_Sessions_30D | B5: App sessions in last 30 days | C5: Integer | D5: Engagement input
A6: Churned_90D | B6: Target label | C6: Binary | D6: 1 means churned
A7: Core_Feature_Score | B7: Weighted usage score | C7: Formula | D7: Derived from transactions and feature use
A8: AI_Churn_Risk_Score | B8: AI-style risk score | C8: Formula | D8: 0 to 100
A9: AI_Risk_Band | B9: Risk grouping | C9: Formula | D9: High/Medium/Low
A10: Predicted_Next_Best_Action | B10: Retention recommendation | C10: Formula | D10: AI-assisted action
A11: Core_Feature_Gap | B11: Remaining room to max score | C11: Formula | D11: 100 - score
